{
  "cli": {
    "version": ">= 5.0.0",
    "appVersionSource": "local"
  },
  "build": {
    "development": {
      "developmentClient": true,
      "distribution": "internal",
      "channel": "development",
      "android": {
        "buildType": "apk"
      }
    },
    "preview": {
      "distribution": "internal",
      "channel": "preview",
      "android": {
        "buildType": "apk",
        "credentialsSource": "local"
      }
    },
    "production": {
      "channel": "production",
      "android": {
        "buildType": "app-bundle"
      }
    }
  },
  "submit": {
    "production": {}
  }
}
